{
  "name": "Schatten Schubladen",
  "icon": "extended_drawers:shadow_drawer",
  "category": "extended_drawers:blocks",
  "pages": [
    "$(item)Schatten Schubladen/$ �hneln den $(l:access_points)Zugangspunkten/$ nur dass sie mit einem Item funktionieren. Sie erlauben dem Spieler items zu entnehmen und ihre genauer Anzahl anzeigen. $(br2)Sie verhalten sie als w�ren sie $(l:lock)verschlossen@!, aber deren Item Filter kann mit einem Shift + Click entfernt werden.",
    {
      "type": "patchouli:crafting",
      "recipe": "extended_drawers:shadow_drawer"
    }
  ]
}