{
  "name": "Simple Netzwerke",
  "icon": "extended_drawers:single_drawer",
  "category": "extended_drawers:networks",
  "pages": [
    "Wenn du eingie $(l:drawers)Schubladen@! nebeneinander platzierst, hast du ein simples Netzwerk erstellt. Dieses Netzerk kann aber noch nichts tun. $(br2)Wir fangen einfach an und f�gen einen $(l:access_points)Zugangspunkt@! zum Netzwerk hinzu. Dieser erlaubt und Items in das System einzulagern an die einzelnen Schubladen zu gehen.",
    {
      "type": "patchouli:multiblock",
      "multiblock": {
        "mapping": {
          "D": "extended_drawers:single_drawer[facing=west]",
          "0": "extended_drawers:single_drawer[facing=west]",
          "A": "extended_drawers:controller"
        },
        "pattern": [
          ["D0A"]
        ]
      },
      "enable_visualize": false,
      "text": ""
    }
  ]
}